<?xml version="1.0" encoding="UTF-8"?>
<project-private xmlns="http://www.netbeans.org/ns/project-private/1">
    <editor-bookmarks xmlns="http://www.netbeans.org/ns/editor-bookmarks/2" lastBookmarkId="0"/>
    <open-files xmlns="http://www.netbeans.org/ns/projectui-open-files/2">
        <group>
            <file>file:/D:/UVG/ALGORITMOS%20Y%20ESTRUCTURAS%20DE%20DATOS/HojaDeTrabajo1/src/hojadetrabajo1/HojaDeTrabajo1.java</file>
            <file>file:/D:/UVG/ALGORITMOS%20Y%20ESTRUCTURAS%20DE%20DATOS/HojaDeTrabajo1/test/RadioCarTest.java</file>
            <file>file:/D:/UVG/ALGORITMOS%20Y%20ESTRUCTURAS%20DE%20DATOS/HojaDeTrabajo1/src/models/RadioCar.java</file>
            <file>file:/D:/UVG/ALGORITMOS%20Y%20ESTRUCTURAS%20DE%20DATOS/HojaDeTrabajo1/src/interfaces/IRadio.java</file>
        </group>
    </open-files>
</project-private>
